file,success,duration_sec,error_msg
NORNE_ATW2013_DOE_TOP15_EXTENDED_LHS_0016.DATA,True,1923.0424449443817,
NORNE_ATW2013_DOE_TOP15_EXTENDED_LHS_0007.DATA,True,1938.8010013103485,
NORNE_ATW2013_DOE_TOP15_EXTENDED_LHS_0015.DATA,True,1963.729237318039,
NORNE_ATW2013_DOE_TOP15_EXTENDED_LHS_0022.DATA,True,2001.5656161308289,
NORNE_ATW2013_DOE_TOP15_EXTENDED_LHS_0008.DATA,True,2006.4533545970917,
NORNE_ATW2013_DOE_TOP15_EXTENDED_LHS_0001.DATA,True,2011.6509215831757,
NORNE_ATW2013_DOE_TOP15_EXTENDED_LHS_0000.DATA,True,2025.6928112506866,
NORNE_ATW2013_DOE_TOP15_EXTENDED_LHS_0020.DATA,True,2040.3074145317078,
NORNE_ATW2013_DOE_TOP15_EXTENDED_LHS_0012.DATA,True,2041.5028250217438,
NORNE_ATW2013_DOE_TOP15_EXTENDED_LHS_0003.DATA,True,2048.7932653427124,
NORNE_ATW2013_DOE_TOP15_EXTENDED_LHS_0013.DATA,True,2052.6619925498962,
NORNE_ATW2013_DOE_TOP15_EXTENDED_LHS_0011.DATA,True,2060.9907796382904,
NORNE_ATW2013_DOE_TOP15_EXTENDED_LHS_0019.DATA,True,2061.9622411727905,
NORNE_ATW2013_DOE_TOP15_EXTENDED_LHS_0014.DATA,True,2063.8007860183716,
NORNE_ATW2013_DOE_TOP15_EXTENDED_LHS_0021.DATA,True,2066.485344648361,
NORNE_ATW2013_DOE_TOP15_EXTENDED_LHS_0009.DATA,True,2067.3316655158997,
NORNE_ATW2013_DOE_TOP15_EXTENDED_LHS_0010.DATA,True,2068.8968517780304,
NORNE_ATW2013_DOE_TOP15_EXTENDED_LHS_0017.DATA,True,2074.3350870609283,
NORNE_ATW2013_DOE_TOP15_EXTENDED_LHS_0002.DATA,True,2076.6420023441315,
NORNE_ATW2013_DOE_TOP15_EXTENDED_LHS_0005.DATA,True,2100.4316580295563,
NORNE_ATW2013_DOE_TOP15_EXTENDED_LHS_0006.DATA,True,2104.594165802002,
NORNE_ATW2013_DOE_TOP15_EXTENDED_LHS_0004.DATA,True,2114.5581183433533,
NORNE_ATW2013_DOE_TOP15_EXTENDED_LHS_0018.DATA,True,2125.7029416561127,
NORNE_ATW2013_DOE_TOP15_EXTENDED_LHS_0023.DATA,True,2131.0884289741516,
NORNE_ATW2013_DOE_TOP15_EXTENDED_LHS_0025.DATA,True,1115.9840650558472,
NORNE_ATW2013_DOE_TOP15_EXTENDED_LHS_0026.DATA,True,1123.8121161460876,
NORNE_ATW2013_DOE_TOP15_EXTENDED_LHS_0024.DATA,True,1183.2773263454437,
NORNE_ATW2013_DOE_TOP15_EXTENDED_LHS_0032.DATA,True,1068.5647616386414,
NORNE_ATW2013_DOE_TOP15_EXTENDED_LHS_0037.DATA,True,1047.6345987319946,
NORNE_ATW2013_DOE_TOP15_EXTENDED_LHS_0027.DATA,True,1118.5163252353668,
NORNE_ATW2013_DOE_TOP15_EXTENDED_LHS_0030.DATA,True,1095.0458762645721,
NORNE_ATW2013_DOE_TOP15_EXTENDED_LHS_0039.DATA,True,1064.862441778183,
NORNE_ATW2013_DOE_TOP15_EXTENDED_LHS_0028.DATA,True,1126.9164972305298,
NORNE_ATW2013_DOE_TOP15_EXTENDED_LHS_0034.DATA,True,1085.5047221183777,
NORNE_ATW2013_DOE_TOP15_EXTENDED_LHS_0040.DATA,True,1077.882087945938,
NORNE_ATW2013_DOE_TOP15_EXTENDED_LHS_0035.DATA,True,1088.5850942134857,
NORNE_ATW2013_DOE_TOP15_EXTENDED_LHS_0033.DATA,True,1132.4485876560211,
NORNE_ATW2013_DOE_TOP15_EXTENDED_LHS_0036.DATA,True,1132.5855159759521,
NORNE_ATW2013_DOE_TOP15_EXTENDED_LHS_0031.DATA,True,1155.77867436409,
NORNE_ATW2013_DOE_TOP15_EXTENDED_LHS_0043.DATA,True,1101.898755788803,
NORNE_ATW2013_DOE_TOP15_EXTENDED_LHS_0029.DATA,True,1191.456932067871,
NORNE_ATW2013_DOE_TOP15_EXTENDED_LHS_0042.DATA,True,1135.6565947532654,
NORNE_ATW2013_DOE_TOP15_EXTENDED_LHS_0046.DATA,True,1102.501405954361,
NORNE_ATW2013_DOE_TOP15_EXTENDED_LHS_0041.DATA,True,1176.7632970809937,
NORNE_ATW2013_DOE_TOP15_EXTENDED_LHS_0038.DATA,True,1185.1071667671204,
NORNE_ATW2013_DOE_TOP15_EXTENDED_LHS_0044.DATA,True,1155.8925733566284,
NORNE_ATW2013_DOE_TOP15_EXTENDED_LHS_0045.DATA,True,1150.944714307785,
NORNE_ATW2013_DOE_TOP15_EXTENDED_LHS_0047.DATA,True,1154.6357972621918,
NORNE_ATW2013_DOE_TOP15_EXTENDED_LHS_0051.DATA,True,1050.8881287574768,
NORNE_ATW2013_DOE_TOP15_EXTENDED_LHS_0052.DATA,True,1081.610536813736,
NORNE_ATW2013_DOE_TOP15_EXTENDED_LHS_0048.DATA,True,1139.0480587482452,
NORNE_ATW2013_DOE_TOP15_EXTENDED_LHS_0049.DATA,True,1107.8003284931183,
NORNE_ATW2013_DOE_TOP15_EXTENDED_LHS_0054.DATA,True,1100.5216627120972,
NORNE_ATW2013_DOE_TOP15_EXTENDED_LHS_0053.DATA,True,1104.2533600330353,
NORNE_ATW2013_DOE_TOP15_EXTENDED_LHS_0059.DATA,True,1093.5460896492004,
NORNE_ATW2013_DOE_TOP15_EXTENDED_LHS_0055.DATA,True,1114.0116798877716,
NORNE_ATW2013_DOE_TOP15_EXTENDED_LHS_0058.DATA,True,1113.830979347229,
NORNE_ATW2013_DOE_TOP15_EXTENDED_LHS_0057.DATA,True,1128.4926438331604,
NORNE_ATW2013_DOE_TOP15_EXTENDED_LHS_0050.DATA,True,1165.6632964611053,
NORNE_ATW2013_DOE_TOP15_EXTENDED_LHS_0063.DATA,True,1078.4874584674835,
NORNE_ATW2013_DOE_TOP15_EXTENDED_LHS_0065.DATA,True,1070.521683216095,
NORNE_ATW2013_DOE_TOP15_EXTENDED_LHS_0056.DATA,True,1156.5210268497467,
NORNE_ATW2013_DOE_TOP15_EXTENDED_LHS_0062.DATA,True,1094.1708030700684,
NORNE_ATW2013_DOE_TOP15_EXTENDED_LHS_0060.DATA,True,1130.1087136268616,
NORNE_ATW2013_DOE_TOP15_EXTENDED_LHS_0066.DATA,True,1084.4707634449005,
NORNE_ATW2013_DOE_TOP15_EXTENDED_LHS_0064.DATA,True,1123.8091847896576,
NORNE_ATW2013_DOE_TOP15_EXTENDED_LHS_0061.DATA,True,1144.4568920135498,
NORNE_ATW2013_DOE_TOP15_EXTENDED_LHS_0067.DATA,True,1099.1615438461304,
NORNE_ATW2013_DOE_TOP15_EXTENDED_LHS_0071.DATA,True,1078.258635044098,
NORNE_ATW2013_DOE_TOP15_EXTENDED_LHS_0069.DATA,True,1117.4901311397552,
NORNE_ATW2013_DOE_TOP15_EXTENDED_LHS_0068.DATA,True,1131.810742855072,
NORNE_ATW2013_DOE_TOP15_EXTENDED_LHS_0070.DATA,True,1189.2769532203674,
NORNE_ATW2013_DOE_TOP15_EXTENDED_LHS_0072.DATA,True,1062.0680632591248,
NORNE_ATW2013_DOE_TOP15_EXTENDED_LHS_0073.DATA,True,1058.1658420562744,
NORNE_ATW2013_DOE_TOP15_EXTENDED_LHS_0075.DATA,True,1073.3939368724823,
NORNE_ATW2013_DOE_TOP15_EXTENDED_LHS_0074.DATA,True,1096.6093482971191,
NORNE_ATW2013_DOE_TOP15_EXTENDED_LHS_0077.DATA,True,1091.3604414463043,
NORNE_ATW2013_DOE_TOP15_EXTENDED_LHS_0076.DATA,True,1097.5371208190918,
NORNE_ATW2013_DOE_TOP15_EXTENDED_LHS_0080.DATA,True,1082.94038438797,
NORNE_ATW2013_DOE_TOP15_EXTENDED_LHS_0088.DATA,True,1045.2340638637543,
NORNE_ATW2013_DOE_TOP15_EXTENDED_LHS_0079.DATA,True,1115.535692691803,
NORNE_ATW2013_DOE_TOP15_EXTENDED_LHS_0085.DATA,True,1075.4399445056915,
NORNE_ATW2013_DOE_TOP15_EXTENDED_LHS_0084.DATA,True,1097.2885661125183,
NORNE_ATW2013_DOE_TOP15_EXTENDED_LHS_0086.DATA,True,1109.2802815437317,
NORNE_ATW2013_DOE_TOP15_EXTENDED_LHS_0089.DATA,True,1078.483571767807,
NORNE_ATW2013_DOE_TOP15_EXTENDED_LHS_0083.DATA,True,1129.5902304649353,
NORNE_ATW2013_DOE_TOP15_EXTENDED_LHS_0081.DATA,True,1151.6593492031097,
NORNE_ATW2013_DOE_TOP15_EXTENDED_LHS_0078.DATA,True,1181.7409892082214,
NORNE_ATW2013_DOE_TOP15_EXTENDED_LHS_0087.DATA,True,1124.0075056552887,
NORNE_ATW2013_DOE_TOP15_EXTENDED_LHS_0090.DATA,True,1111.904633283615,
NORNE_ATW2013_DOE_TOP15_EXTENDED_LHS_0094.DATA,True,1068.873647928238,
NORNE_ATW2013_DOE_TOP15_EXTENDED_LHS_0082.DATA,True,1201.3852677345276,
NORNE_ATW2013_DOE_TOP15_EXTENDED_LHS_0093.DATA,True,1099.94726395607,
NORNE_ATW2013_DOE_TOP15_EXTENDED_LHS_0092.DATA,True,1123.9337186813354,
NORNE_ATW2013_DOE_TOP15_EXTENDED_LHS_0091.DATA,True,1179.265743970871,
NORNE_ATW2013_DOE_TOP15_EXTENDED_LHS_0095.DATA,True,1129.6361637115479,
NORNE_ATW2013_DOE_TOP15_EXTENDED_LHS_0098.DATA,True,1040.023777961731,
NORNE_ATW2013_DOE_TOP15_EXTENDED_LHS_0097.DATA,True,1081.4034090042114,
NORNE_ATW2013_DOE_TOP15_EXTENDED_LHS_0096.DATA,True,1122.3757586479187,
NORNE_ATW2013_DOE_TOP15_EXTENDED_LHS_0100.DATA,True,1093.5817999839783,
NORNE_ATW2013_DOE_TOP15_EXTENDED_LHS_0101.DATA,True,1094.3732752799988,
NORNE_ATW2013_DOE_TOP15_EXTENDED_LHS_0102.DATA,True,1071.4177823066711,
NORNE_ATW2013_DOE_TOP15_EXTENDED_LHS_0099.DATA,True,1125.7532124519348,
NORNE_ATW2013_DOE_TOP15_EXTENDED_LHS_0108.DATA,True,1049.2280869483948,
NORNE_ATW2013_DOE_TOP15_EXTENDED_LHS_0105.DATA,True,1095.2033340930939,
NORNE_ATW2013_DOE_TOP15_EXTENDED_LHS_0104.DATA,True,1106.0381634235382,
NORNE_ATW2013_DOE_TOP15_EXTENDED_LHS_0110.DATA,True,1069.9638860225677,
NORNE_ATW2013_DOE_TOP15_EXTENDED_LHS_0103.DATA,True,1133.3703072071075,
NORNE_ATW2013_DOE_TOP15_EXTENDED_LHS_0106.DATA,True,1111.9368302822113,
NORNE_ATW2013_DOE_TOP15_EXTENDED_LHS_0107.DATA,True,1105.5276896953583,
NORNE_ATW2013_DOE_TOP15_EXTENDED_LHS_0115.DATA,True,1056.2863020896912,
NORNE_ATW2013_DOE_TOP15_EXTENDED_LHS_0111.DATA,True,1108.4011023044586,
NORNE_ATW2013_DOE_TOP15_EXTENDED_LHS_0112.DATA,True,1107.0306375026703,
NORNE_ATW2013_DOE_TOP15_EXTENDED_LHS_0109.DATA,True,1132.654417514801,
NORNE_ATW2013_DOE_TOP15_EXTENDED_LHS_0114.DATA,True,1121.9777734279633,
NORNE_ATW2013_DOE_TOP15_EXTENDED_LHS_0116.DATA,True,1125.1697788238525,
NORNE_ATW2013_DOE_TOP15_EXTENDED_LHS_0117.DATA,True,1146.2095124721527,
NORNE_ATW2013_DOE_TOP15_EXTENDED_LHS_0113.DATA,True,1192.7864475250244,
NORNE_ATW2013_DOE_TOP15_EXTENDED_LHS_0118.DATA,True,1122.5846831798553,
NORNE_ATW2013_DOE_TOP15_EXTENDED_LHS_0119.DATA,True,1127.6948819160461,
NORNE_ATW2013_DOE_TOP15_EXTENDED_LHS_0120.DATA,True,1097.5742280483246,
NORNE_ATW2013_DOE_TOP15_EXTENDED_LHS_0121.DATA,True,1130.6069886684418,
NORNE_ATW2013_DOE_TOP15_EXTENDED_LHS_0122.DATA,True,1127.3836839199066,
NORNE_ATW2013_DOE_TOP15_EXTENDED_LHS_0125.DATA,True,1061.9202868938446,
NORNE_ATW2013_DOE_TOP15_EXTENDED_LHS_0124.DATA,True,1075.258538722992,
NORNE_ATW2013_DOE_TOP15_EXTENDED_LHS_0123.DATA,True,1085.1197745800018,
NORNE_ATW2013_DOE_TOP15_EXTENDED_LHS_0126.DATA,True,1108.322876214981,
NORNE_ATW2013_DOE_TOP15_EXTENDED_LHS_0127.DATA,True,1085.3875036239624,
NORNE_ATW2013_DOE_TOP15_EXTENDED_LHS_0130.DATA,True,1078.1128542423248,
NORNE_ATW2013_DOE_TOP15_EXTENDED_LHS_0132.DATA,True,1076.8248071670532,
NORNE_ATW2013_DOE_TOP15_EXTENDED_LHS_0135.DATA,True,1040.413369178772,
NORNE_ATW2013_DOE_TOP15_EXTENDED_LHS_0128.DATA,True,1122.7658014297485,
NORNE_ATW2013_DOE_TOP15_EXTENDED_LHS_0129.DATA,True,1131.5180444717407,
NORNE_ATW2013_DOE_TOP15_EXTENDED_LHS_0131.DATA,True,1124.003535270691,
NORNE_ATW2013_DOE_TOP15_EXTENDED_LHS_0136.DATA,True,1079.5915143489838,
NORNE_ATW2013_DOE_TOP15_EXTENDED_LHS_0137.DATA,True,1097.9829969406128,
NORNE_ATW2013_DOE_TOP15_EXTENDED_LHS_0133.DATA,True,1141.2167007923126,
NORNE_ATW2013_DOE_TOP15_EXTENDED_LHS_0134.DATA,True,1134.9005930423737,
NORNE_ATW2013_DOE_TOP15_EXTENDED_LHS_0140.DATA,True,1064.4575154781342,
NORNE_ATW2013_DOE_TOP15_EXTENDED_LHS_0138.DATA,True,1126.532091140747,
NORNE_ATW2013_DOE_TOP15_EXTENDED_LHS_0142.DATA,True,1073.1316313743591,
NORNE_ATW2013_DOE_TOP15_EXTENDED_LHS_0139.DATA,True,1197.0784802436829,
NORNE_ATW2013_DOE_TOP15_EXTENDED_LHS_0141.DATA,True,1158.799652338028,
NORNE_ATW2013_DOE_TOP15_EXTENDED_LHS_0143.DATA,True,1140.5681409835815,
NORNE_ATW2013_DOE_TOP15_EXTENDED_LHS_0144.DATA,True,1126.7241451740265,
NORNE_ATW2013_DOE_TOP15_EXTENDED_LHS_0146.DATA,True,1095.6556134223938,
NORNE_ATW2013_DOE_TOP15_EXTENDED_LHS_0147.DATA,True,1093.19504404068,
NORNE_ATW2013_DOE_TOP15_EXTENDED_LHS_0149.DATA,True,1101.3950579166412,
NORNE_ATW2013_DOE_TOP15_EXTENDED_LHS_0148.DATA,True,1126.5737133026123,
NORNE_ATW2013_DOE_TOP15_EXTENDED_LHS_0145.DATA,True,1184.3852384090424,
NORNE_ATW2013_DOE_TOP15_EXTENDED_LHS_0152.DATA,True,1082.973625421524,
NORNE_ATW2013_DOE_TOP15_EXTENDED_LHS_0150.DATA,True,1133.9764029979706,
NORNE_ATW2013_DOE_TOP15_EXTENDED_LHS_0155.DATA,True,1085.6418540477753,
NORNE_ATW2013_DOE_TOP15_EXTENDED_LHS_0158.DATA,True,1061.8589146137238,
NORNE_ATW2013_DOE_TOP15_EXTENDED_LHS_0151.DATA,True,1144.131630897522,
NORNE_ATW2013_DOE_TOP15_EXTENDED_LHS_0154.DATA,True,1111.406726360321,
NORNE_ATW2013_DOE_TOP15_EXTENDED_LHS_0156.DATA,True,1114.8939068317413,
NORNE_ATW2013_DOE_TOP15_EXTENDED_LHS_0160.DATA,True,1086.4847438335419,
NORNE_ATW2013_DOE_TOP15_EXTENDED_LHS_0159.DATA,True,1099.3564188480377,
NORNE_ATW2013_DOE_TOP15_EXTENDED_LHS_0157.DATA,True,1142.7410452365875,
NORNE_ATW2013_DOE_TOP15_EXTENDED_LHS_0153.DATA,True,1193.845581293106,
NORNE_ATW2013_DOE_TOP15_EXTENDED_LHS_0162.DATA,True,1083.8829834461212,
NORNE_ATW2013_DOE_TOP15_EXTENDED_LHS_0163.DATA,True,1091.5765407085419,
NORNE_ATW2013_DOE_TOP15_EXTENDED_LHS_0161.DATA,True,1140.8315641880035,
NORNE_ATW2013_DOE_TOP15_EXTENDED_LHS_0164.DATA,True,1160.576031923294,
NORNE_ATW2013_DOE_TOP15_EXTENDED_LHS_0165.DATA,True,1118.4772675037384,
NORNE_ATW2013_DOE_TOP15_EXTENDED_LHS_0166.DATA,True,1147.7662799358368,
NORNE_ATW2013_DOE_TOP15_EXTENDED_LHS_0167.DATA,True,1101.7288715839386,
NORNE_ATW2013_DOE_TOP15_EXTENDED_LHS_0169.DATA,True,1104.9485409259796,
NORNE_ATW2013_DOE_TOP15_EXTENDED_LHS_0170.DATA,True,1124.6158707141876,
NORNE_ATW2013_DOE_TOP15_EXTENDED_LHS_0168.DATA,True,1164.3312022686005,
NORNE_ATW2013_DOE_TOP15_EXTENDED_LHS_0172.DATA,True,1094.3354358673096,
NORNE_ATW2013_DOE_TOP15_EXTENDED_LHS_0171.DATA,True,1132.0544846057892,
NORNE_ATW2013_DOE_TOP15_EXTENDED_LHS_0176.DATA,True,1068.1117663383484,
NORNE_ATW2013_DOE_TOP15_EXTENDED_LHS_0179.DATA,True,1072.1722903251648,
NORNE_ATW2013_DOE_TOP15_EXTENDED_LHS_0177.DATA,True,1083.2214393615723,
NORNE_ATW2013_DOE_TOP15_EXTENDED_LHS_0173.DATA,True,1123.1886839866638,
NORNE_ATW2013_DOE_TOP15_EXTENDED_LHS_0174.DATA,True,1123.5815198421478,
NORNE_ATW2013_DOE_TOP15_EXTENDED_LHS_0178.DATA,True,1090.939792394638,
NORNE_ATW2013_DOE_TOP15_EXTENDED_LHS_0181.DATA,True,1047.4801325798035,
NORNE_ATW2013_DOE_TOP15_EXTENDED_LHS_0175.DATA,True,1130.659283399582,
NORNE_ATW2013_DOE_TOP15_EXTENDED_LHS_0180.DATA,True,1080.7362804412842,
NORNE_ATW2013_DOE_TOP15_EXTENDED_LHS_0186.DATA,True,1055.6591782569885,
NORNE_ATW2013_DOE_TOP15_EXTENDED_LHS_0184.DATA,True,1097.7048139572144,
NORNE_ATW2013_DOE_TOP15_EXTENDED_LHS_0182.DATA,True,1157.7129876613617,
NORNE_ATW2013_DOE_TOP15_EXTENDED_LHS_0183.DATA,True,1146.4264597892761,
NORNE_ATW2013_DOE_TOP15_EXTENDED_LHS_0185.DATA,True,1129.9050171375275,
NORNE_ATW2013_DOE_TOP15_EXTENDED_LHS_0187.DATA,True,1145.8820190429688,
NORNE_ATW2013_DOE_TOP15_EXTENDED_LHS_0188.DATA,True,1132.472095489502,
NORNE_ATW2013_DOE_TOP15_EXTENDED_LHS_0191.DATA,True,1104.68656873703,
NORNE_ATW2013_DOE_TOP15_EXTENDED_LHS_0189.DATA,True,1162.23686337471,
NORNE_ATW2013_DOE_TOP15_EXTENDED_LHS_0190.DATA,True,1135.1739282608032,
NORNE_ATW2013_DOE_TOP15_EXTENDED_LHS_0192.DATA,True,1111.5371713638306,
NORNE_ATW2013_DOE_TOP15_EXTENDED_LHS_0197.DATA,True,1082.7593863010406,
NORNE_ATW2013_DOE_TOP15_EXTENDED_LHS_0193.DATA,True,1128.9255635738373,
NORNE_ATW2013_DOE_TOP15_EXTENDED_LHS_0195.DATA,True,1118.6574239730835,
NORNE_ATW2013_DOE_TOP15_EXTENDED_LHS_0194.DATA,True,1132.2757115364075,
NORNE_ATW2013_DOE_TOP15_EXTENDED_LHS_0200.DATA,True,1084.1315469741821,
NORNE_ATW2013_DOE_TOP15_EXTENDED_LHS_0199.DATA,True,1095.2050189971924,
NORNE_ATW2013_DOE_TOP15_EXTENDED_LHS_0198.DATA,True,1115.2608273029327,
NORNE_ATW2013_DOE_TOP15_EXTENDED_LHS_0202.DATA,True,1097.940498828888,
NORNE_ATW2013_DOE_TOP15_EXTENDED_LHS_0196.DATA,True,1155.623610496521,
NORNE_ATW2013_DOE_TOP15_EXTENDED_LHS_0201.DATA,True,1112.2120242118835,
NORNE_ATW2013_DOE_TOP15_EXTENDED_LHS_0204.DATA,True,1101.734667301178,
NORNE_ATW2013_DOE_TOP15_EXTENDED_LHS_0206.DATA,True,1058.787292957306,
NORNE_ATW2013_DOE_TOP15_EXTENDED_LHS_0203.DATA,True,1162.4495780467987,
NORNE_ATW2013_DOE_TOP15_EXTENDED_LHS_0205.DATA,True,1177.882283449173,
NORNE_ATW2013_DOE_TOP15_EXTENDED_LHS_0209.DATA,True,1077.5183322429657,
NORNE_ATW2013_DOE_TOP15_EXTENDED_LHS_0208.DATA,True,1097.8281269073486,
NORNE_ATW2013_DOE_TOP15_EXTENDED_LHS_0207.DATA,True,1182.9714224338531,
NORNE_ATW2013_DOE_TOP15_EXTENDED_LHS_0210.DATA,True,1151.0407779216766,
NORNE_ATW2013_DOE_TOP15_EXTENDED_LHS_0211.DATA,True,1122.1715338230133,
NORNE_ATW2013_DOE_TOP15_EXTENDED_LHS_0213.DATA,True,1082.4389379024506,
NORNE_ATW2013_DOE_TOP15_EXTENDED_LHS_0212.DATA,True,1144.3121910095215,
NORNE_ATW2013_DOE_TOP15_EXTENDED_LHS_0215.DATA,True,1129.436454296112,
NORNE_ATW2013_DOE_TOP15_EXTENDED_LHS_0214.DATA,True,1147.4764184951782,
NORNE_ATW2013_DOE_TOP15_EXTENDED_LHS_0216.DATA,True,1115.1969482898712,
NORNE_ATW2013_DOE_TOP15_EXTENDED_LHS_0218.DATA,True,1097.9568917751312,
NORNE_ATW2013_DOE_TOP15_EXTENDED_LHS_0220.DATA,True,1114.8166489601135,
NORNE_ATW2013_DOE_TOP15_EXTENDED_LHS_0224.DATA,True,1083.9714159965515,
NORNE_ATW2013_DOE_TOP15_EXTENDED_LHS_0221.DATA,True,1106.765942811966,
NORNE_ATW2013_DOE_TOP15_EXTENDED_LHS_0217.DATA,True,1148.8138678073883,
NORNE_ATW2013_DOE_TOP15_EXTENDED_LHS_0219.DATA,True,1147.0706717967987,
NORNE_ATW2013_DOE_TOP15_EXTENDED_LHS_0227.DATA,True,1089.668979883194,
NORNE_ATW2013_DOE_TOP15_EXTENDED_LHS_0223.DATA,True,1113.0137186050415,
NORNE_ATW2013_DOE_TOP15_EXTENDED_LHS_0222.DATA,True,1133.2416660785675,
NORNE_ATW2013_DOE_TOP15_EXTENDED_LHS_0226.DATA,True,1115.6272375583649,
NORNE_ATW2013_DOE_TOP15_EXTENDED_LHS_0225.DATA,True,1125.1356060504913,
NORNE_ATW2013_DOE_TOP15_EXTENDED_LHS_0228.DATA,True,1139.322005033493,
NORNE_ATW2013_DOE_TOP15_EXTENDED_LHS_0229.DATA,True,1144.076844215393,
NORNE_ATW2013_DOE_TOP15_EXTENDED_LHS_0231.DATA,True,1105.8766407966614,
NORNE_ATW2013_DOE_TOP15_EXTENDED_LHS_0232.DATA,True,1093.860286951065,
NORNE_ATW2013_DOE_TOP15_EXTENDED_LHS_0230.DATA,True,1118.1393570899963,
NORNE_ATW2013_DOE_TOP15_EXTENDED_LHS_0235.DATA,True,1082.1827137470245,
NORNE_ATW2013_DOE_TOP15_EXTENDED_LHS_0234.DATA,True,1123.3163905143738,
NORNE_ATW2013_DOE_TOP15_EXTENDED_LHS_0233.DATA,True,1148.2646749019623,
NORNE_ATW2013_DOE_TOP15_EXTENDED_LHS_0236.DATA,True,1126.948174238205,
NORNE_ATW2013_DOE_TOP15_EXTENDED_LHS_0237.DATA,True,1188.1941649913788,
NORNE_ATW2013_DOE_TOP15_EXTENDED_LHS_0238.DATA,True,1141.7125282287598,
NORNE_ATW2013_DOE_TOP15_EXTENDED_LHS_0239.DATA,True,1157.1422319412231,
NORNE_ATW2013_DOE_TOP15_EXTENDED_LHS_0243.DATA,True,1067.4784531593323,
NORNE_ATW2013_DOE_TOP15_EXTENDED_LHS_0242.DATA,True,1121.9441797733307,
NORNE_ATW2013_DOE_TOP15_EXTENDED_LHS_0247.DATA,True,1089.2230651378632,
NORNE_ATW2013_DOE_TOP15_EXTENDED_LHS_0245.DATA,True,1114.665611743927,
NORNE_ATW2013_DOE_TOP15_EXTENDED_LHS_0241.DATA,True,1169.0315618515015,
NORNE_ATW2013_DOE_TOP15_EXTENDED_LHS_0240.DATA,True,1196.1244773864746,
NORNE_ATW2013_DOE_TOP15_EXTENDED_LHS_0250.DATA,True,1102.7377700805664,
NORNE_ATW2013_DOE_TOP15_EXTENDED_LHS_0244.DATA,True,1143.4434554576874,
NORNE_ATW2013_DOE_TOP15_EXTENDED_LHS_0246.DATA,True,1146.929970741272,
NORNE_ATW2013_DOE_TOP15_EXTENDED_LHS_0248.DATA,True,1140.3841967582703,
NORNE_ATW2013_DOE_TOP15_EXTENDED_LHS_0255.DATA,True,1061.7532467842102,
NORNE_ATW2013_DOE_TOP15_EXTENDED_LHS_0249.DATA,True,1162.1395950317383,
NORNE_ATW2013_DOE_TOP15_EXTENDED_LHS_0252.DATA,True,1149.0025300979614,
NORNE_ATW2013_DOE_TOP15_EXTENDED_LHS_0251.DATA,True,1203.9104249477386,
NORNE_ATW2013_DOE_TOP15_EXTENDED_LHS_0257.DATA,True,1066.7082822322845,
NORNE_ATW2013_DOE_TOP15_EXTENDED_LHS_0256.DATA,True,1135.0166342258453,
NORNE_ATW2013_DOE_TOP15_EXTENDED_LHS_0253.DATA,True,1139.2596459388733,
NORNE_ATW2013_DOE_TOP15_EXTENDED_LHS_0259.DATA,True,1059.6074619293213,
NORNE_ATW2013_DOE_TOP15_EXTENDED_LHS_0258.DATA,True,1106.0982501506805,
NORNE_ATW2013_DOE_TOP15_EXTENDED_LHS_0254.DATA,True,1208.936981678009,
NORNE_ATW2013_DOE_TOP15_EXTENDED_LHS_0260.DATA,True,1145.2010233402252,
NORNE_ATW2013_DOE_TOP15_EXTENDED_LHS_0261.DATA,True,1078.8620393276215,
NORNE_ATW2013_DOE_TOP15_EXTENDED_LHS_0262.DATA,True,1077.9707052707672,
NORNE_ATW2013_DOE_TOP15_EXTENDED_LHS_0263.DATA,True,1086.3332929611206,
NORNE_ATW2013_DOE_TOP15_EXTENDED_LHS_0264.DATA,True,1105.235414981842,
NORNE_ATW2013_DOE_TOP15_EXTENDED_LHS_0267.DATA,True,1082.8687090873718,
NORNE_ATW2013_DOE_TOP15_EXTENDED_LHS_0272.DATA,True,1048.451019525528,
NORNE_ATW2013_DOE_TOP15_EXTENDED_LHS_0268.DATA,True,1083.5851035118103,
NORNE_ATW2013_DOE_TOP15_EXTENDED_LHS_0271.DATA,True,1083.6789147853851,
NORNE_ATW2013_DOE_TOP15_EXTENDED_LHS_0266.DATA,True,1162.513575553894,
NORNE_ATW2013_DOE_TOP15_EXTENDED_LHS_0265.DATA,True,1179.2134737968445,
NORNE_ATW2013_DOE_TOP15_EXTENDED_LHS_0270.DATA,True,1144.2130889892578,
NORNE_ATW2013_DOE_TOP15_EXTENDED_LHS_0275.DATA,True,1098.0534875392914,
NORNE_ATW2013_DOE_TOP15_EXTENDED_LHS_0269.DATA,True,1159.9020190238953,
NORNE_ATW2013_DOE_TOP15_EXTENDED_LHS_0273.DATA,True,1143.0645337104797,
NORNE_ATW2013_DOE_TOP15_EXTENDED_LHS_0278.DATA,True,1067.9878177642822,
NORNE_ATW2013_DOE_TOP15_EXTENDED_LHS_0279.DATA,True,1066.049599647522,
NORNE_ATW2013_DOE_TOP15_EXTENDED_LHS_0274.DATA,True,1145.194108247757,
NORNE_ATW2013_DOE_TOP15_EXTENDED_LHS_0280.DATA,True,1079.1252629756927,
NORNE_ATW2013_DOE_TOP15_EXTENDED_LHS_0276.DATA,True,1145.4748322963715,
NORNE_ATW2013_DOE_TOP15_EXTENDED_LHS_0281.DATA,True,1118.1205160617828,
NORNE_ATW2013_DOE_TOP15_EXTENDED_LHS_0277.DATA,True,1173.1187846660614,
NORNE_ATW2013_DOE_TOP15_EXTENDED_LHS_0283.DATA,True,1094.3306784629822,
NORNE_ATW2013_DOE_TOP15_EXTENDED_LHS_0282.DATA,True,1116.2013816833496,
NORNE_ATW2013_DOE_TOP15_EXTENDED_LHS_0286.DATA,True,1036.7986788749695,
NORNE_ATW2013_DOE_TOP15_EXTENDED_LHS_0285.DATA,True,1090.6135592460632,
NORNE_ATW2013_DOE_TOP15_EXTENDED_LHS_0284.DATA,True,1139.399510383606,
NORNE_ATW2013_DOE_TOP15_EXTENDED_LHS_0287.DATA,True,1108.6444675922394,
NORNE_ATW2013_DOE_TOP15_EXTENDED_LHS_0288.DATA,True,1075.2033331394196,
NORNE_ATW2013_DOE_TOP15_EXTENDED_LHS_0289.DATA,True,1056.920599937439,
NORNE_ATW2013_DOE_TOP15_EXTENDED_LHS_0290.DATA,True,1093.986538887024,
NORNE_ATW2013_DOE_TOP15_EXTENDED_LHS_0292.DATA,True,1093.1779708862305,
NORNE_ATW2013_DOE_TOP15_EXTENDED_LHS_0291.DATA,True,1122.7199959754944,
NORNE_ATW2013_DOE_TOP15_EXTENDED_LHS_0297.DATA,True,1057.6354839801788,
NORNE_ATW2013_DOE_TOP15_EXTENDED_LHS_0293.DATA,True,1082.115003824234,
NORNE_ATW2013_DOE_TOP15_EXTENDED_LHS_0294.DATA,True,1074.0149743556976,
NORNE_ATW2013_DOE_TOP15_EXTENDED_LHS_0295.DATA,True,1072.901231765747,
NORNE_ATW2013_DOE_TOP15_EXTENDED_LHS_0296.DATA,True,1077.5555107593536,
NORNE_ATW2013_DOE_TOP15_EXTENDED_LHS_0298.DATA,True,1091.6335134506226,
NORNE_ATW2013_DOE_TOP15_EXTENDED_LHS_0301.DATA,True,1070.022411108017,
NORNE_ATW2013_DOE_TOP15_EXTENDED_LHS_0302.DATA,True,1126.5051622390747,
NORNE_ATW2013_DOE_TOP15_EXTENDED_LHS_0300.DATA,True,1147.6341359615326,
NORNE_ATW2013_DOE_TOP15_EXTENDED_LHS_0299.DATA,True,1164.013394832611,
NORNE_ATW2013_DOE_TOP15_EXTENDED_LHS_0304.DATA,True,1089.7536051273346,
NORNE_ATW2013_DOE_TOP15_EXTENDED_LHS_0305.DATA,True,1089.3932917118073,
NORNE_ATW2013_DOE_TOP15_EXTENDED_LHS_0303.DATA,True,1143.44690990448,
NORNE_ATW2013_DOE_TOP15_EXTENDED_LHS_0307.DATA,True,1076.5280129909515,
NORNE_ATW2013_DOE_TOP15_EXTENDED_LHS_0306.DATA,True,1119.6180984973907,
NORNE_ATW2013_DOE_TOP15_EXTENDED_LHS_0308.DATA,True,1061.3054296970367,
NORNE_ATW2013_DOE_TOP15_EXTENDED_LHS_0309.DATA,True,1121.8391206264496,
NORNE_ATW2013_DOE_TOP15_EXTENDED_LHS_0311.DATA,True,1073.4568164348602,
NORNE_ATW2013_DOE_TOP15_EXTENDED_LHS_0310.DATA,True,1124.1590282917023,
NORNE_ATW2013_DOE_TOP15_EXTENDED_LHS_0313.DATA,True,1053.527619600296,
NORNE_ATW2013_DOE_TOP15_EXTENDED_LHS_0312.DATA,True,1101.2900948524475,
NORNE_ATW2013_DOE_TOP15_EXTENDED_LHS_0314.DATA,True,1051.6422090530396,
NORNE_ATW2013_DOE_TOP15_EXTENDED_LHS_0316.DATA,True,1098.8202290534973,
NORNE_ATW2013_DOE_TOP15_EXTENDED_LHS_0315.DATA,True,1133.502445936203,
NORNE_ATW2013_DOE_TOP15_EXTENDED_LHS_0320.DATA,True,1105.2815382480621,
NORNE_ATW2013_DOE_TOP15_EXTENDED_LHS_0319.DATA,True,1107.6430180072784,
NORNE_ATW2013_DOE_TOP15_EXTENDED_LHS_0323.DATA,True,1066.4616649150848,
NORNE_ATW2013_DOE_TOP15_EXTENDED_LHS_0321.DATA,True,1102.5238065719604,
NORNE_ATW2013_DOE_TOP15_EXTENDED_LHS_0317.DATA,True,1122.7343204021454,
NORNE_ATW2013_DOE_TOP15_EXTENDED_LHS_0322.DATA,True,1080.4959151744843,
NORNE_ATW2013_DOE_TOP15_EXTENDED_LHS_0318.DATA,True,1162.7944974899292,
NORNE_ATW2013_DOE_TOP15_EXTENDED_LHS_0327.DATA,True,1055.981320142746,
NORNE_ATW2013_DOE_TOP15_EXTENDED_LHS_0324.DATA,True,1089.079211473465,
NORNE_ATW2013_DOE_TOP15_EXTENDED_LHS_0328.DATA,True,1054.045061826706,
NORNE_ATW2013_DOE_TOP15_EXTENDED_LHS_0325.DATA,True,1130.5986232757568,
NORNE_ATW2013_DOE_TOP15_EXTENDED_LHS_0329.DATA,True,1088.4610288143158,
NORNE_ATW2013_DOE_TOP15_EXTENDED_LHS_0326.DATA,True,1121.8569180965424,
NORNE_ATW2013_DOE_TOP15_EXTENDED_LHS_0331.DATA,True,1096.0797951221466,
NORNE_ATW2013_DOE_TOP15_EXTENDED_LHS_0330.DATA,True,1171.558604478836,
NORNE_ATW2013_DOE_TOP15_EXTENDED_LHS_0332.DATA,True,1167.5720674991608,
NORNE_ATW2013_DOE_TOP15_EXTENDED_LHS_0333.DATA,True,1070.47829413414,
NORNE_ATW2013_DOE_TOP15_EXTENDED_LHS_0335.DATA,True,1050.0980179309845,
NORNE_ATW2013_DOE_TOP15_EXTENDED_LHS_0334.DATA,True,1141.477021932602,
NORNE_ATW2013_DOE_TOP15_EXTENDED_LHS_0337.DATA,True,1105.4534237384796,
NORNE_ATW2013_DOE_TOP15_EXTENDED_LHS_0336.DATA,True,1148.9980466365814,
NORNE_ATW2013_DOE_TOP15_EXTENDED_LHS_0338.DATA,True,1141.054550409317,
NORNE_ATW2013_DOE_TOP15_EXTENDED_LHS_0345.DATA,True,1028.1594264507294,
NORNE_ATW2013_DOE_TOP15_EXTENDED_LHS_0343.DATA,True,1073.3572735786438,
NORNE_ATW2013_DOE_TOP15_EXTENDED_LHS_0342.DATA,True,1084.8040072917938,
NORNE_ATW2013_DOE_TOP15_EXTENDED_LHS_0339.DATA,True,1120.9637138843536,
NORNE_ATW2013_DOE_TOP15_EXTENDED_LHS_0341.DATA,True,1101.874939918518,
NORNE_ATW2013_DOE_TOP15_EXTENDED_LHS_0340.DATA,True,1144.3217873573303,
NORNE_ATW2013_DOE_TOP15_EXTENDED_LHS_0344.DATA,True,1128.2630004882812,
NORNE_ATW2013_DOE_TOP15_EXTENDED_LHS_0346.DATA,True,1128.2110829353333,
NORNE_ATW2013_DOE_TOP15_EXTENDED_LHS_0349.DATA,True,1053.7548913955688,
NORNE_ATW2013_DOE_TOP15_EXTENDED_LHS_0352.DATA,True,1030.4050781726837,
NORNE_ATW2013_DOE_TOP15_EXTENDED_LHS_0347.DATA,True,1131.216998577118,
NORNE_ATW2013_DOE_TOP15_EXTENDED_LHS_0350.DATA,True,1090.9359607696533,
NORNE_ATW2013_DOE_TOP15_EXTENDED_LHS_0348.DATA,True,1110.8134651184082,
NORNE_ATW2013_DOE_TOP15_EXTENDED_LHS_0353.DATA,True,1076.8795771598816,
NORNE_ATW2013_DOE_TOP15_EXTENDED_LHS_0351.DATA,True,1106.267825126648,
NORNE_ATW2013_DOE_TOP15_EXTENDED_LHS_0355.DATA,True,1019.7562761306763,
NORNE_ATW2013_DOE_TOP15_EXTENDED_LHS_0354.DATA,True,1111.5973031520844,
NORNE_ATW2013_DOE_TOP15_EXTENDED_LHS_0356.DATA,True,1056.56684756279,
NORNE_ATW2013_DOE_TOP15_EXTENDED_LHS_0358.DATA,True,1064.5751988887787,
NORNE_ATW2013_DOE_TOP15_EXTENDED_LHS_0357.DATA,True,1103.444950580597,
NORNE_ATW2013_DOE_TOP15_EXTENDED_LHS_0359.DATA,True,1128.5612859725952,
NORNE_ATW2013_DOE_TOP15_EXTENDED_LHS_0361.DATA,True,1068.5400207042694,
NORNE_ATW2013_DOE_TOP15_EXTENDED_LHS_0360.DATA,True,1098.6162133216858,
NORNE_ATW2013_DOE_TOP15_EXTENDED_LHS_0364.DATA,True,1071.322149515152,
NORNE_ATW2013_DOE_TOP15_EXTENDED_LHS_0365.DATA,True,1068.9277064800262,
NORNE_ATW2013_DOE_TOP15_EXTENDED_LHS_0363.DATA,True,1129.2847774028778,
NORNE_ATW2013_DOE_TOP15_EXTENDED_LHS_0366.DATA,True,1080.1995859146118,
NORNE_ATW2013_DOE_TOP15_EXTENDED_LHS_0367.DATA,True,1083.5512146949768,
NORNE_ATW2013_DOE_TOP15_EXTENDED_LHS_0362.DATA,True,1171.4055235385895,
NORNE_ATW2013_DOE_TOP15_EXTENDED_LHS_0368.DATA,True,1091.0637547969818,
NORNE_ATW2013_DOE_TOP15_EXTENDED_LHS_0371.DATA,True,1079.037068605423,
NORNE_ATW2013_DOE_TOP15_EXTENDED_LHS_0369.DATA,True,1101.885187625885,
NORNE_ATW2013_DOE_TOP15_EXTENDED_LHS_0370.DATA,True,1124.0441427230835,
NORNE_ATW2013_DOE_TOP15_EXTENDED_LHS_0372.DATA,True,1094.750834941864,
NORNE_ATW2013_DOE_TOP15_EXTENDED_LHS_0374.DATA,True,1090.8769764900208,
NORNE_ATW2013_DOE_TOP15_EXTENDED_LHS_0375.DATA,True,1102.877827167511,
NORNE_ATW2013_DOE_TOP15_EXTENDED_LHS_0373.DATA,True,1145.32320022583,
NORNE_ATW2013_DOE_TOP15_EXTENDED_LHS_0376.DATA,True,1110.4609751701355,
NORNE_ATW2013_DOE_TOP15_EXTENDED_LHS_0380.DATA,True,1059.5586807727814,
NORNE_ATW2013_DOE_TOP15_EXTENDED_LHS_0378.DATA,True,1145.2899689674377,
NORNE_ATW2013_DOE_TOP15_EXTENDED_LHS_0379.DATA,True,1142.2793917655945,
NORNE_ATW2013_DOE_TOP15_EXTENDED_LHS_0377.DATA,True,1219.9932959079742,
NORNE_ATW2013_DOE_TOP15_EXTENDED_LHS_0382.DATA,True,1080.6797976493835,
NORNE_ATW2013_DOE_TOP15_EXTENDED_LHS_0383.DATA,True,1049.9408180713654,
NORNE_ATW2013_DOE_TOP15_EXTENDED_LHS_0381.DATA,True,1232.7822513580322,
NORNE_ATW2013_DOE_TOP15_EXTENDED_LHS_0385.DATA,True,1094.1053533554077,
NORNE_ATW2013_DOE_TOP15_EXTENDED_LHS_0384.DATA,True,1191.6018414497375,
NORNE_ATW2013_DOE_TOP15_EXTENDED_LHS_0388.DATA,True,1101.9936673641205,
NORNE_ATW2013_DOE_TOP15_EXTENDED_LHS_0387.DATA,True,1115.1686780452728,
NORNE_ATW2013_DOE_TOP15_EXTENDED_LHS_0386.DATA,True,1138.8306698799133,
NORNE_ATW2013_DOE_TOP15_EXTENDED_LHS_0390.DATA,True,1113.7878069877625,
NORNE_ATW2013_DOE_TOP15_EXTENDED_LHS_0389.DATA,True,1129.7618656158447,
NORNE_ATW2013_DOE_TOP15_EXTENDED_LHS_0391.DATA,True,1108.3951785564423,
NORNE_ATW2013_DOE_TOP15_EXTENDED_LHS_0396.DATA,True,1079.553069114685,
NORNE_ATW2013_DOE_TOP15_EXTENDED_LHS_0394.DATA,True,1118.2776231765747,
NORNE_ATW2013_DOE_TOP15_EXTENDED_LHS_0393.DATA,True,1132.0593338012695,
NORNE_ATW2013_DOE_TOP15_EXTENDED_LHS_0398.DATA,True,1082.6345863342285,
NORNE_ATW2013_DOE_TOP15_EXTENDED_LHS_0397.DATA,True,1104.0195503234863,
NORNE_ATW2013_DOE_TOP15_EXTENDED_LHS_0392.DATA,True,1176.7713458538055,
NORNE_ATW2013_DOE_TOP15_EXTENDED_LHS_0399.DATA,True,1101.9231951236725,
NORNE_ATW2013_DOE_TOP15_EXTENDED_LHS_0395.DATA,True,1173.9421677589417,
NORNE_ATW2013_DOE_TOP15_EXTENDED_LHS_0400.DATA,True,1111.9899699687958,
NORNE_ATW2013_DOE_TOP15_EXTENDED_LHS_0402.DATA,True,1092.642142534256,
NORNE_ATW2013_DOE_TOP15_EXTENDED_LHS_0401.DATA,True,1129.4206047058105,
NORNE_ATW2013_DOE_TOP15_EXTENDED_LHS_0405.DATA,True,1071.4411108493805,
NORNE_ATW2013_DOE_TOP15_EXTENDED_LHS_0403.DATA,True,1122.5998721122742,
NORNE_ATW2013_DOE_TOP15_EXTENDED_LHS_0404.DATA,True,1145.2166757583618,
NORNE_ATW2013_DOE_TOP15_EXTENDED_LHS_0406.DATA,True,1086.6700527668,
NORNE_ATW2013_DOE_TOP15_EXTENDED_LHS_0407.DATA,True,1138.2503933906555,
NORNE_ATW2013_DOE_TOP15_EXTENDED_LHS_0408.DATA,True,1059.1201434135437,
NORNE_ATW2013_DOE_TOP15_EXTENDED_LHS_0409.DATA,True,1086.3756928443909,
NORNE_ATW2013_DOE_TOP15_EXTENDED_LHS_0412.DATA,True,1061.2791678905487,
NORNE_ATW2013_DOE_TOP15_EXTENDED_LHS_0410.DATA,True,1090.6616990566254,
NORNE_ATW2013_DOE_TOP15_EXTENDED_LHS_0413.DATA,True,1096.6687462329865,
NORNE_ATW2013_DOE_TOP15_EXTENDED_LHS_0415.DATA,True,1085.4220168590546,
NORNE_ATW2013_DOE_TOP15_EXTENDED_LHS_0411.DATA,True,1133.4382436275482,
NORNE_ATW2013_DOE_TOP15_EXTENDED_LHS_0414.DATA,True,1102.9894983768463,
NORNE_ATW2013_DOE_TOP15_EXTENDED_LHS_0418.DATA,True,1080.090306520462,
NORNE_ATW2013_DOE_TOP15_EXTENDED_LHS_0420.DATA,True,1082.8316295146942,
NORNE_ATW2013_DOE_TOP15_EXTENDED_LHS_0416.DATA,True,1127.2167370319366,
NORNE_ATW2013_DOE_TOP15_EXTENDED_LHS_0417.DATA,True,1131.5306746959686,
NORNE_ATW2013_DOE_TOP15_EXTENDED_LHS_0424.DATA,True,1062.781301498413,
NORNE_ATW2013_DOE_TOP15_EXTENDED_LHS_0419.DATA,True,1150.0448276996613,
NORNE_ATW2013_DOE_TOP15_EXTENDED_LHS_0423.DATA,True,1095.7474336624146,
NORNE_ATW2013_DOE_TOP15_EXTENDED_LHS_0421.DATA,True,1140.770136833191,
NORNE_ATW2013_DOE_TOP15_EXTENDED_LHS_0422.DATA,True,1120.4651808738708,
NORNE_ATW2013_DOE_TOP15_EXTENDED_LHS_0426.DATA,True,1056.4334480762482,
NORNE_ATW2013_DOE_TOP15_EXTENDED_LHS_0427.DATA,True,1090.486832857132,
NORNE_ATW2013_DOE_TOP15_EXTENDED_LHS_0425.DATA,True,1155.4876174926758,
NORNE_ATW2013_DOE_TOP15_EXTENDED_LHS_0428.DATA,True,1130.9879517555237,
NORNE_ATW2013_DOE_TOP15_EXTENDED_LHS_0429.DATA,True,1142.9128494262695,
NORNE_ATW2013_DOE_TOP15_EXTENDED_LHS_0430.DATA,True,1126.8479504585266,
NORNE_ATW2013_DOE_TOP15_EXTENDED_LHS_0431.DATA,True,1169.0199537277222,
NORNE_ATW2013_DOE_TOP15_EXTENDED_LHS_0432.DATA,True,1140.4797537326813,
NORNE_ATW2013_DOE_TOP15_EXTENDED_LHS_0434.DATA,True,1073.6606678962708,
NORNE_ATW2013_DOE_TOP15_EXTENDED_LHS_0435.DATA,True,1091.0301053524017,
NORNE_ATW2013_DOE_TOP15_EXTENDED_LHS_0437.DATA,True,1056.7022631168365,
NORNE_ATW2013_DOE_TOP15_EXTENDED_LHS_0433.DATA,True,1136.0867590904236,
NORNE_ATW2013_DOE_TOP15_EXTENDED_LHS_0439.DATA,True,1101.4693458080292,
NORNE_ATW2013_DOE_TOP15_EXTENDED_LHS_0438.DATA,True,1113.9077138900757,
NORNE_ATW2013_DOE_TOP15_EXTENDED_LHS_0440.DATA,True,1101.5191345214844,
NORNE_ATW2013_DOE_TOP15_EXTENDED_LHS_0443.DATA,True,1072.131322145462,
NORNE_ATW2013_DOE_TOP15_EXTENDED_LHS_0436.DATA,True,1180.537177324295,
NORNE_ATW2013_DOE_TOP15_EXTENDED_LHS_0444.DATA,True,1098.9173142910004,
NORNE_ATW2013_DOE_TOP15_EXTENDED_LHS_0445.DATA,True,1099.6941797733307,
NORNE_ATW2013_DOE_TOP15_EXTENDED_LHS_0446.DATA,True,1098.8893203735352,
NORNE_ATW2013_DOE_TOP15_EXTENDED_LHS_0442.DATA,True,1160.9025871753693,
NORNE_ATW2013_DOE_TOP15_EXTENDED_LHS_0447.DATA,True,1117.569679737091,
NORNE_ATW2013_DOE_TOP15_EXTENDED_LHS_0448.DATA,True,1110.8926174640656,
NORNE_ATW2013_DOE_TOP15_EXTENDED_LHS_0450.DATA,True,1049.267553806305,
NORNE_ATW2013_DOE_TOP15_EXTENDED_LHS_0441.DATA,True,1213.6465253829956,
NORNE_ATW2013_DOE_TOP15_EXTENDED_LHS_0449.DATA,True,1134.258555650711,
NORNE_ATW2013_DOE_TOP15_EXTENDED_LHS_0451.DATA,True,1067.316598892212,
NORNE_ATW2013_DOE_TOP15_EXTENDED_LHS_0452.DATA,True,1153.4837725162506,
NORNE_ATW2013_DOE_TOP15_EXTENDED_LHS_0453.DATA,True,1110.364628314972,
NORNE_ATW2013_DOE_TOP15_EXTENDED_LHS_0454.DATA,True,1129.4359350204468,
NORNE_ATW2013_DOE_TOP15_EXTENDED_LHS_0455.DATA,True,1043.3945002555847,
NORNE_ATW2013_DOE_TOP15_EXTENDED_LHS_0456.DATA,True,1086.2506976127625,
NORNE_ATW2013_DOE_TOP15_EXTENDED_LHS_0457.DATA,True,1073.6461522579193,
NORNE_ATW2013_DOE_TOP15_EXTENDED_LHS_0459.DATA,True,1089.854008436203,
NORNE_ATW2013_DOE_TOP15_EXTENDED_LHS_0460.DATA,True,1086.1382155418396,
NORNE_ATW2013_DOE_TOP15_EXTENDED_LHS_0458.DATA,True,1127.7519438266754,
NORNE_ATW2013_DOE_TOP15_EXTENDED_LHS_0462.DATA,True,1100.4989140033722,
NORNE_ATW2013_DOE_TOP15_EXTENDED_LHS_0461.DATA,True,1118.7723722457886,
NORNE_ATW2013_DOE_TOP15_EXTENDED_LHS_0463.DATA,True,1117.4845683574677,
NORNE_ATW2013_DOE_TOP15_EXTENDED_LHS_0465.DATA,True,1100.4563546180725,
NORNE_ATW2013_DOE_TOP15_EXTENDED_LHS_0468.DATA,True,1067.756510734558,
NORNE_ATW2013_DOE_TOP15_EXTENDED_LHS_0469.DATA,True,1068.2213356494904,
NORNE_ATW2013_DOE_TOP15_EXTENDED_LHS_0466.DATA,True,1102.1591114997864,
NORNE_ATW2013_DOE_TOP15_EXTENDED_LHS_0464.DATA,True,1159.4668164253235,
NORNE_ATW2013_DOE_TOP15_EXTENDED_LHS_0470.DATA,True,1069.582844734192,
NORNE_ATW2013_DOE_TOP15_EXTENDED_LHS_0471.DATA,True,1095.0073642730713,
NORNE_ATW2013_DOE_TOP15_EXTENDED_LHS_0473.DATA,True,1075.4229912757874,
NORNE_ATW2013_DOE_TOP15_EXTENDED_LHS_0474.DATA,True,1057.0072038173676,
NORNE_ATW2013_DOE_TOP15_EXTENDED_LHS_0467.DATA,True,1134.6710267066956,
NORNE_ATW2013_DOE_TOP15_EXTENDED_LHS_0472.DATA,True,1138.1572041511536,
NORNE_ATW2013_DOE_TOP15_EXTENDED_LHS_0475.DATA,True,1125.8407514095306,
NORNE_ATW2013_DOE_TOP15_EXTENDED_LHS_0476.DATA,True,1104.8567078113556,
NORNE_ATW2013_DOE_TOP15_EXTENDED_LHS_0478.DATA,True,1135.8755550384521,
NORNE_ATW2013_DOE_TOP15_EXTENDED_LHS_0479.DATA,True,1116.2024066448212,
NORNE_ATW2013_DOE_TOP15_EXTENDED_LHS_0477.DATA,True,1207.3317589759827,
NORNE_ATW2013_DOE_TOP15_EXTENDED_LHS_0480.DATA,True,1026.2395958900452,
NORNE_ATW2013_DOE_TOP15_EXTENDED_LHS_0482.DATA,True,977.4936599731445,
NORNE_ATW2013_DOE_TOP15_EXTENDED_LHS_0481.DATA,True,1054.2053372859955,
NORNE_ATW2013_DOE_TOP15_EXTENDED_LHS_0483.DATA,True,991.9481565952301,
NORNE_ATW2013_DOE_TOP15_EXTENDED_LHS_0484.DATA,True,1025.7107577323914,
NORNE_ATW2013_DOE_TOP15_EXTENDED_LHS_0487.DATA,True,976.6009178161621,
NORNE_ATW2013_DOE_TOP15_EXTENDED_LHS_0485.DATA,True,1020.9075210094452,
NORNE_ATW2013_DOE_TOP15_EXTENDED_LHS_0486.DATA,True,1016.6046726703644,
NORNE_ATW2013_DOE_TOP15_EXTENDED_LHS_0490.DATA,True,945.5119915008545,
NORNE_ATW2013_DOE_TOP15_EXTENDED_LHS_0489.DATA,True,954.9873356819153,
NORNE_ATW2013_DOE_TOP15_EXTENDED_LHS_0488.DATA,True,989.9657368659973,
NORNE_ATW2013_DOE_TOP15_EXTENDED_LHS_0492.DATA,True,951.7245786190033,
NORNE_ATW2013_DOE_TOP15_EXTENDED_LHS_0494.DATA,True,931.0146706104279,
NORNE_ATW2013_DOE_TOP15_EXTENDED_LHS_0493.DATA,True,959.5250310897827,
NORNE_ATW2013_DOE_TOP15_EXTENDED_LHS_0495.DATA,True,930.6849267482758,
NORNE_ATW2013_DOE_TOP15_EXTENDED_LHS_0491.DATA,True,979.0627648830414,
NORNE_ATW2013_DOE_TOP15_EXTENDED_LHS_0497.DATA,True,931.7839229106903,
NORNE_ATW2013_DOE_TOP15_EXTENDED_LHS_0496.DATA,True,936.8409821987152,
NORNE_ATW2013_DOE_TOP15_EXTENDED_LHS_0499.DATA,True,882.3630096912384,
NORNE_ATW2013_DOE_TOP15_EXTENDED_LHS_0498.DATA,True,900.1746742725372,
